id,market,success,active,lastpricesupratio_7,lastpricesdiffperccumul,movingaveragecomp_lower_of_ma7_ma22_in_1h,movingaveragelatestdiffcumul_30m_ma7_last_7,movingaveragelatestdiffcumul_15m_ma7_last_7
747,AEBTC,0,0,0.83333333333333,0.5475,0.08,-0.244,-0.0493
748,ALGOBTC,0,0,0.83333333333333,0.7267,-1.09,2.0519,0.3072
749,ATOMBTC,0,0,1,0.6356,-0.71,-0.5098,-0.1564
750,ENJBTC,0,0,1,0.8576,-2.40,-0.6057,-0.2238
751,LUNBTC,1,0,0.83333333333333,0.871,-0.40,2.0396,1.1511
752,NANOBTC,0,0,1,0.6395,-0.41,-0.4146,-0.4291
753,NULSBTC,0,0,0.83333333333333,0.4399,0.40,-0.4325,-0.6479
754,STEEMBTC,0,0,1,0.6336,0.15,-0.11,-0.0127
755,STORJBTC,0,0,1,0.9574,-2.12,-0.3899,0.9825
756,STRATBTC,0,0,0.83333333333333,0.4839,-0.73,0.1731,0.5856
757,VETBTC,1,0,0.83333333333333,4.8527,-3.90,1.1931,2.3785
758,WRXBTC,1,0,0.83333333333333,0.8021,1.93,0.9935,-0.9346
759,ETHBTC,0,0,0.83333333333333,0.0332,-0.06,-0.0127,0.0865
760,HIVEBTC,0,0,0.83333333333333,0.9778,-1.17,2.3487,2.346
761,THETABTC,0,0,0.83333333333333,0.4639,0.46,-0.0118,-0.2166
762,BANDBTC,0,0,0.83333333333333,0.6283,-1.72,-0.6339,-1.6501
763,KNCBTC,1,0,0.83333333333333,2.3625,6.41,-2.8734,-1.7987
764,ASTBTC,1,0,0.83333333333333,1.6533,-13.81,1.3081,-4.0886
765,BATBTC,0,0,0.83333333333333,0.5408,-1.88,0.1286,-0.0052
766,LENDBTC,0,0,0.83333333333333,0.3086,-2.06,-0.8875,-0.238
767,BNTBTC,1,0,0.83333333333333,1.8044,4.16,-1.7874,-1.0816
768,ETCBTC,0,0,0.83333333333333,0.1919,-0.04,-0.0732,0.0867
769,ONTBTC,0,0,0.83333333333333,1.0388,-0.52,0.6197,0.6186
770,QTUMBTC,0,0,0.83333333333333,0.6159,-0.84,0.6364,0.3173
771,ADABTC,0,0,0.83333333333333,0.7342,-0.63,-0.5995,-0.9549
772,TOMOBTC,0,0,0.83333333333333,3.6224,-1.77,-1.8247,-0.1333
773,DATABTC,0,0,0.83333333333333,1.1139,0.02,-1.3195,-0.1866
774,IOTABTC,0,0,0.83333333333333,1.5217,-0.92,0.3372,0.9682
775,KMDBTC,1,0,0.83333333333333,0.8827,-0.01,-0.0648,0.2585
776,OMGBTC,0,0,0.83333333333333,0.1782,-1.99,-0.1379,0.5134
777,XMRBTC,0,0,0.83333333333333,0.5153,-0.11,-0.0124,0.0676
778,LTCBTC,0,0,0.83333333333333,0.0948,-0.45,0.4544,0.2517
779,PNTBTC,1,0,0.83333333333333,1.4227,0.51,-1.0254,0.0578
780,XTZBTC,0,0,0.83333333333333,0.6021,-0.47,0.2016,0.3981
781,ZRXBTC,0,0,0.83333333333333,1.1818,-0.28,-3.4231,-1.7491
782,BCDBTC,0,0,0.83333333333333,0.8867,-2.06,-0.8747,-1.1921
783,DASHBTC,0,0,0.83333333333333,0.1317,-0.38,0.2104,0.3801
784,LRCBTC,1,0,0.83333333333333,0.7546,-2.11,-3.4554,-1.2684
785,NEOBTC,0,0,0.83333333333333,0.1539,0.00,0.0524,0.0657
786,AIONBTC,0,0,1,1.7283,-0.79,-1.2219,-0.0133
787,ELFBTC,0,0,0.83333333333333,1.301,-0.30,-0.0447,0.6202
788,ONGBTC,0,0,0.83333333333333,2.3094,-8.97,-2.4709,-0.1268
789,SOLBTC,0,0,0.83333333333333,0.8859,-2.02,-1.9368,-0.4113
790,ZENBTC,0,0,0.83333333333333,1.2045,-0.43,-0.4965,-0.1158
791,BTGBTC,1,0,0.83333333333333,0.3771,-0.21,-0.00019999999999998,0.1512
792,COMPBTC,1,0,0.83333333333333,5.8909,-0.48,6.3728,2.8443
793,WTCBTC,0,0,0.83333333333333,0.9045,-0.45,0.1151,0.5374
794,NXSBTC,0,0,1,1.3414,-1.28,1.9282,0.7309
795,PPTBTC,0,0,0.83333333333333,0.6405,-1.04,0.0959,0.3793
796,DCRBTC,0,0,0.83333333333333,0.9429,-0.20,-0.2991,0.3735
797,LSKBTC,0,0,0.83333333333333,0.1592,-0.55,-0.1835,0.2178
798,RLCBTC,1,0,0.83333333333333,0.8718,-2.47,0.2812,-0.2346
799,POWRBTC,0,0,0.83333333333333,0.7359,-0.18,0.0892,0.345
800,GVTBTC,1,0,1,5.0788,-1.29,2.353,2.9167
801,REPBTC,1,0,0.83333333333333,-0.0172,-1.70,-3.2204,-3.0861
802,KAVABTC,0,0,0.83333333333333,1.5975,1.38,-3.1421,-1.7706
803,ZILBTC,0,0,0.83333333333333,2.8349,-4.93,6.324,2.6691
804,ARKBTC,0,0,0.83333333333333,0.4543,-1.24,0.7215,0.7305
805,CTXCBTC,1,0,0.83333333333333,0.6877,-0.17,0.2593,0.284
806,ICXBTC,0,0,0.83333333333333,0.5578,1.55,-0.9782,-1.0656
807,RENBTC,0,0,1,3.0382,-0.17,-2.8127,0.5272
808,XRPBTC,0,0,0.83333333333333,0.2556,-0.21,-0.022,-0.1824
809,BNBBTC,0,0,0.83333333333333,0.0146,-0.18,-0.1163,-0.1045
810,HBARBTC,0,0,0.83333333333333,1.5755,-1.46,-0.3858,-1.1226
811,WANBTC,0,0,0.83333333333333,1.4024,0.78,-0.0821,0.3267
812,ARNBTC,0,0,0.83333333333333,1.0969,0.35,-0.6479,-0.1497
813,ZECBTC,0,0,0.83333333333333,0.1345,0.35,-0.3944,-0.2294
814,EOSBTC,0,0,0.83333333333333,0.174,-0.17,-0.3536,-0.3384
815,LINKBTC,0,0,0.83333333333333,0.2852,-0.04,0.3253,-0.1839
816,BQXBTC,0,0,0.83333333333333,1.2767,-0.23,-0.1317,0.2869
817,VIBEBTC,0,0,0.83333333333333,3.1252,-0.67,1.0001,0.9056
818,SKYBTC,0,0,0.83333333333333,0.2407,0.40,0.0556,0.3445
819,BCHBTC,0,0,0.83333333333333,0.6899,-0.01,-0.195,0.195
820,WAVESBTC,0,0,0.83333333333333,0.2431,0.34,0.0116,-0.0232
821,HCBTC,0,0,1,0.8859,-0.18,0.0351,-0.6126
822,WABIBTC,0,0,0.83333333333333,1.4506,0.44,0.6153,0.8489
823,RVNBTC,0,0,0.83333333333333,2.4273,-0.52,0.5634,1.2677
824,OAXBTC,1,0,0.83333333333333,1.6427,6.67,-0.597,-0.7492
825,ATOMBTC,0,0,0.83333333333333,0.4566,0.10,-0.4985,-0.2572
826,BEAMBTC,0,0,0.83333333333333,0.6269,0.06,-0.7186,-0.6187
827,POLYBTC,1,0,0.83333333333333,2.0765,-0.58,0.4619,-0.0994
828,NANOBTC,1,0,0.83333333333333,0.0869,0.07,-0.014,-0.6369
829,STORJBTC,1,0,0.83333333333333,0.9479,-1.65,0.4397,0.1988
830,ETHBTC,0,0,0.83333333333333,0.0967,-0.22,0.4354,0.4074
831,LUNBTC,0,0,0.83333333333333,0.9543,-2.41,-1.0748,-0.9833
832,NAVBTC,0,0,0.83333333333333,0.2279,2.40,-0.635,-0.0439
833,ONTBTC,0,0,0.83333333333333,0.5721,-1.29,0.8395,-0.4307
834,GRSBTC,0,0,0.83333333333333,0.932,0.60,-0.2804,-0.2389
835,QTUMBTC,0,0,0.83333333333333,0.1624,-0.69,-0.1315,0.1471
836,XZCBTC,0,0,0.83333333333333,0.1273,0.44,-0.3393,0.1712
837,ADABTC,0,0,0.83333333333333,0.5543,0.34,-0.8185,0.0656
838,IOTABTC,0,0,0.83333333333333,0.5709,-2.30,1.1281,0.0648
839,TOMOBTC,1,0,0.83333333333333,0.6588,0.85,-1.8048,0.1049
840,XMRBTC,0,0,0.83333333333333,0.1771,-0.67,0.3455,0.0507
841,GASBTC,0,0,0.83333333333333,0.5247,0.36,-0.5092,-0.3153
842,KMDBTC,0,0,0.83333333333333,0.6291,-1.50,1.0298,0.5856
843,VIABTC,0,0,0.83333333333333,0.7569,0.21,0.2995,0.8039
844,ALGOBTC,0,0,0.83333333333333,0.9306,-1.69,1.1341,0.6742
845,BCDBTC,0,0,0.83333333333333,0.6729,0.30,-0.572,0.3118
846,THETABTC,0,0,0.83333333333333,0.7822,-0.71,1.0164,1.0603
847,BNTBTC,1,0,0.83333333333333,1.3394,0.67,5.8053,2.0796
848,OGNBTC,0,0,0.83333333333333,3.9918,-2.15,1.9884,0.1503
849,PNTBTC,0,0,0.83333333333333,1.004,-0.66,0.8049,-0.081
850,KAVABTC,0,0,1,0.7253,1.86,-0.3882,0.3598
851,REPBTC,0,0,0.83333333333333,0.9364,0.99,1.0151,0.0686
852,ASTBTC,0,0,0.83333333333333,1.0676,-3.76,-1.7543,-0.1909
853,COMPBTC,1,0,1,1.014,-3.87,-1.8498,1.509
854,ONGBTC,1,0,0.83333333333333,0.9452,1.68,-3.4466,-1.8883
855,BTGBTC,0,0,0.83333333333333,0.0645,-1.38,0.962,-0.0306
856,ICXBTC,0,0,0.83333333333333,0.3559,0.39,0.1331,0.5107
857,ZENBTC,0,0,0.83333333333333,0.6358,-0.24,-0.2276,-0.0234
858,LRCBTC,1,0,0.83333333333333,1.4394,-3.61,-3.1828,-2.0397
859,SOLBTC,0,0,0.83333333333333,0.8184,0.90,-0.3221,-0.3391
860,DCRBTC,0,0,0.83333333333333,0.6022,0.01,-0.1027,0.093
861,ETCBTC,0,0,1,0.1154,0.20,-0.1991,0.0939
862,KNCBTC,1,0,0.83333333333333,1.241,0.52,-1.3148,-1.3589
863,OMGBTC,0,0,0.83333333333333,0.3614,0.70,-0.515,-0.3267
864,RLCBTC,0,0,0.83333333333333,3.2212,-2.24,-1.0382,-0.3533
865,LINKBTC,0,0,0.83333333333333,0.4215,-0.31,-0.2417,-0.2079
866,NEOBTC,0,0,0.83333333333333,0.2751,-0.07,-9.9999999999992E-5,0.21
867,DOCKBTC,1,0,0.83333333333333,5.1957,-7.64,9.4545,7.0347
868,AIONBTC,0,0,0.83333333333333,0.5496,0.62,0.2232,0.6576
869,BANDBTC,1,0,0.83333333333333,0.8935,0.08,0.159,0.4987
870,STRATBTC,0,0,0.83333333333333,0.4266,0.23,-0.3255,0.1861
871,PPTBTC,1,0,0.83333333333333,0.8019,-0.89,0.6546,0.3406
872,BLZBTC,1,0,0.83333333333333,1.7085,0.42,1.2121,1.954
873,ENJBTC,1,0,0.83333333333333,0.9476,-0.22,0.0279,0.5513
874,AEBTC,0,0,0.83333333333333,0.5506,0.43,-0.1969,0.1571
875,LENDBTC,0,0,0.83333333333333,0.9806,-0.23,1.1418,-0.402
876,STEEMBTC,0,0,0.83333333333333,0.3631,0.32,0.3447,0.0713
877,DASHBTC,0,0,0.83333333333333,0.0727,-0.01,-0.029,0.1487
878,EOSBTC,0,0,0.83333333333333,0.1889,0.38,-0.0213,0.175
879,ETHBTC,0,0,0.83333333333333,0.1661,-0.41,0.0608,0.1001
880,BNBBTC,0,0,0.83333333333333,0.2029,-0.33,0.1719,0.1568
881,NULSBTC,1,0,0.83333333333333,1.0149,-0.16,0.2566,0.2884
882,RENBTC,0,0,1,2.4444,2.88,-1.0309,-2.0459
883,TOMOBTC,0,0,0.83333333333333,1.2358,-0.27,3.2485,2.3961
884,KMDBTC,0,0,0.83333333333333,0.8007,-1.05,-0.3145,0.4611
885,VETBTC,1,0,0.83333333333333,5.1754,-4.65,-2.2222,-0.1147
886,BCHBTC,0,0,0.83333333333333,0.0655,-0.30,-0.2116,-0.1485
887,ELFBTC,0,0,0.83333333333333,0.9799,-0.54,1.513,1.6904
888,GVTBTC,0,0,1,1.9913,-1.43,0.5116,0.5651
889,GXSBTC,0,0,0.83333333333333,0.6292,-0.53,0.5432,0.2968
890,LTCBTC,0,0,0.83333333333333,0.1231,-0.15,-0.1803,-0.2612
891,CHRBTC,0,0,0.83333333333333,2.1058,-0.42,1.0047,1.3093
892,ALGOBTC,0,0,0.83333333333333,0.3797,-1.27,-0.3856,-0.115
893,LTOBTC,0,0,0.83333333333333,1.6107,-1.18,-1.1487,-0.1796
894,KAVABTC,0,0,0.83333333333333,0.2724,0.05,0.0366,0.2916
895,ATOMBTC,0,0,0.83333333333333,0.9321,-1.24,1.1386,1.9913
896,QTUMBTC,0,0,0.83333333333333,0.1954,-0.12,-0.4406,-0.1007
897,OGNBTC,0,0,0.83333333333333,1.8638,-0.89,-2.099,0.235
898,REPBTC,0,0,0.83333333333333,1.032,1.35,-0.9769,-0.9745
899,STORJBTC,0,0,0.83333333333333,0.7026,-2.75,-1.017,-0.9432
900,ICXBTC,1,0,1,1.4599,-0.83,0.2097,0.8825
901,NANOBTC,0,0,0.83333333333333,1.4695,-0.23,-1.1271,-0.2904
902,ONTBTC,0,0,0.83333333333333,1.9566,0.23,-0.2063,0.4578
903,FTTBTC,0,0,0.83333333333333,0.0538,-0.06,-0.0949,0.0226
904,SOLBTC,0,0,0.83333333333333,1.3901,7.02,-2.9231,0.5775
905,XRPBTC,0,0,0.83333333333333,0.6183,0.37,-0.7124,0.0888
906,COMPBTC,0,0,0.83333333333333,6.7352,-3.11,5.4427,3.9237
907,ETCBTC,0,0,0.83333333333333,0.5674,0.15,-0.2064,-0.0505
908,XMRBTC,0,0,0.83333333333333,0.4516,-0.38,0.8061,0.3545
909,ZECBTC,0,0,0.83333333333333,0.3773,0.11,-0.4197,-0.28
910,LRCBTC,1,0,0.83333333333333,4.9044,-3.71,2.5178,3.0173
911,BATBTC,0,0,0.83333333333333,0.5891,1.07,-0.1642,0.6344
912,BNTBTC,1,0,0.83333333333333,0.1661,-0.40,-3.5294,-1.7174
913,BQXBTC,1,0,0.83333333333333,2.2463,-1.62,2.0086,1.7409
914,KNCBTC,0,0,0.83333333333333,0.8642,-1.23,1.2341,-0.5243
915,OMGBTC,0,0,0.83333333333333,0.4643,0.97,-0.5469,-0.6523
916,ONGBTC,1,0,1,0.9746,2.99,-4.458,-1.3448
917,WRXBTC,1,0,0.83333333333333,0.8056,0.29,-1.1237,-1.3701
918,EOSBTC,0,0,0.83333333333333,0.2675,0.26,-0.0585,0.2497
919,ASTBTC,1,0,0.83333333333333,2.1674,-2.62,9.1791,3.4737
920,BTGBTC,0,0,0.83333333333333,1.2127,1.59,0.72,0.5805
921,MDABTC,0,0,0.83333333333333,0.5872,-0.21,0.4932,-0.1372
922,FETBTC,0,0,0.83333333333333,1.529,0.40,-0.5682,0.1321
923,ETHBTC,0,0,0.83333333333333,0.0492,0.01,-0.0212,0.1411
924,RLCBTC,0,0,0.83333333333333,0.9016,1.04,-1.9466,-0.4221
925,GASBTC,0,0,0.83333333333333,0.5581,0.33,-0.271,-0.1281
926,AIONBTC,1,0,0.83333333333333,0.4592,0.16,-0.7502,0.1456
927,XTZBTC,0,0,1,0.3332,0.82,-0.2266,0.034
928,BLZBTC,1,0,0.83333333333333,2.5766,-1.48,-2.7317,-0.4557
929,LENDBTC,0,0,0.83333333333333,1.1205,0.23,-1.5764,-0.1878
930,ZILBTC,0,0,0.83333333333333,4.2933,1.32,-0.5631,1.8905
931,ZRXBTC,0,0,0.83333333333333,1.3398,2.13,0.4724,0.6963
932,NEOBTC,0,0,0.83333333333333,0.1321,0.17,-0.1581,-0.1185
933,BEAMBTC,0,0,0.83333333333333,1.2043,-0.14,-1.1314,-0.3442
934,BNBBTC,0,0,1,0.206,-0.06,0.0025,-0.2478
935,NULSBTC,0,0,1,3.696,-4.15,4.1295,1.6146
936,KMDBTC,0,0,0.83333333333333,0.5684,0.41,-2.2042,-0.0646
937,XEMBTC,0,0,0.83333333333333,2.5413,-0.05,0.2143,0.3983
938,ARNBTC,1,0,0.83333333333333,0.9142,-0.45,1.4906,1.1625
939,WANBTC,0,0,0.83333333333333,0.7983,0.57,-0.1329,-0.5235
940,KAVABTC,1,0,0.83333333333333,0.4647,-0.12,0.4747,0.3984
941,RENBTC,0,0,0.83333333333333,1.0125,1.63,1.0256,-0.8071
942,BCHBTC,0,0,0.83333333333333,0.0792,0.23,-0.0769,-0.2231
943,LTCBTC,0,0,0.83333333333333,0.2688,0.21,0.1124,0.0061
944,ATOMBTC,1,0,1,0.8396,-1.80,-0.3864,-0.4006
945,LINKBTC,0,0,1,0.4078,0.61,-0.2943,-0.5477
946,ALGOBTC,0,0,0.83333333333333,0.7621,0.11,-0.176,0.0787
947,REPBTC,0,0,0.83333333333333,0.5578,1.05,0.1054,-0.7205
948,ONTBTC,1,0,0.83333333333333,2.4709,0.24,-0.00089999999999997,0.6395
949,XLMBTC,0,0,0.83333333333333,0.6822,0.46,-0.6793,-0.1949
950,DASHBTC,0,0,1,0.1043,0.07,-0.0251,0.0444
951,LTOBTC,0,0,0.83333333333333,3.7878,-1.78,1.0773,2.7777
952,COMPBTC,1,0,0.83333333333333,2.2445,-6.09,0.7961,-0.9347
953,ARKBTC,0,0,0.83333333333333,0.6616,1.66,-1.8791,-0.6562
954,ICXBTC,1,0,0.83333333333333,0.26,-3.39,1.2519,-1.1557
955,NASBTC,1,0,0.83333333333333,0.9284,-0.06,-0.2458,0.7724
956,ZECBTC,0,0,0.83333333333333,0.2697,0.19,0.1529,0.3337
957,STEEMBTC,0,0,0.83333333333333,0.2747,0.33,-0.9881,-0.2433
958,OGNBTC,0,0,0.83333333333333,1.1435,2.17,-2.346,-0.6597
959,STORJBTC,0,0,0.83333333333333,0.6191,1.87,-0.4265,-0.554
960,BQXBTC,0,0,0.83333333333333,1.3113,-7.08,0.1108,-1.3569
961,STXBTC,0,0,0.83333333333333,1.0679,1.06,-1.2795,-1.4592
962,BATBTC,0,0,0.83333333333333,0.5515,0.34,-0.2429,0.4066
963,HCBTC,0,0,0.83333333333333,0.8331,0.10,0.1535,0.3422
964,IOTABTC,0,0,0.83333333333333,0.664,0.90,-0.8996,-0.2403
965,NANOBTC,0,0,0.83333333333333,1.1763,-0.39,-0.5458,-0.6703
966,ENJBTC,0,0,0.83333333333333,0.1571,2.18,-1.4145,-0.8488
967,EOSBTC,0,0,0.83333333333333,0.127,0.31,-0.2556,-0.128
968,THETABTC,0,0,0.83333333333333,0.3775,0.66,-0.3471,-0.2638
969,LSKBTC,0,0,0.83333333333333,0.7702,1.00,-1.3418,-1.6565
970,QTUMBTC,1,0,0.83333333333333,0.4394,0.20,-0.0776,-0.0621
971,BNTBTC,0,0,0.83333333333333,0.9798,0.65,0.6467,-1.0719
972,ENGBTC,0,0,0.83333333333333,0.6848,1.86,-0.8704,0.3286
973,XMRBTC,0,0,1,0.4352,-0.03,0.2292,0.3856
974,KNCBTC,1,0,0.83333333333333,1.4468,2.27,-2.1517,-1.6005
975,XTZBTC,0,0,0.83333333333333,0.2315,0.59,-0.6421,-0.211
976,GVTBTC,0,0,0.83333333333333,0.999,2.14,-1.2135,-0.9756
977,MTLBTC,0,0,0.83333333333333,0.3272,0.36,0.0041,-0.1663
978,ONGBTC,0,0,1,0.4842,0.60,-1.5021,-1.2109
979,ZRXBTC,1,0,0.83333333333333,0.6884,0.70,-1.6495,0.4658
980,BEAMBTC,0,0,0.83333333333333,0.9726,0.66,-0.4859,0.2433
981,ETHBTC,0,0,0.83333333333333,0.0946,0.27,0.0304,-0.0137
982,NEOBTC,0,0,0.83333333333333,0.3041,0.44,0.3568,0.5947
983,VIABTC,0,0,0.83333333333333,0.6706,0.86,0.0685,0.7562
984,BNBBTC,0,0,0.83333333333333,0.0365,0.01,0.1874,0.2283
985,ELFBTC,0,0,0.83333333333333,1.2711,0.07,0.8807,1.6983
986,STRATBTC,1,0,1,2.6316,0.22,0.6663,1.4055
987,LENDBTC,1,0,0.83333333333333,1.5904,2.22,-0.1666,0.9793
988,DCRBTC,0,0,0.83333333333333,0.423,0.39,0.3931,0.2149
989,ETCBTC,0,0,0.83333333333333,0.0416,0.14,0.0277,-0.1196
990,ADABTC,1,0,0.83333333333333,0.8509,1.06,0.0943,0.0669
991,OMGBTC,0,0,0.83333333333333,0.0608,0.52,-0.2007,-0.2359
992,ATOMBTC,0,0,0.83333333333333,-0.0767,-1.54,2.1005,2.4405
993,LINKBTC,0,0,1,0.6008,1.01,-0.1459,-0.2036
994,LTCBTC,0,0,0.83333333333333,0.0495,0.03,-0.1775,-0.0905
995,TOMOBTC,0,0,0.83333333333333,0.9103,1.85,-1.5084,-0.7844
996,BLZBTC,0,0,0.83333333333333,2.9675,-7.08,3.1093,2.53
997,WRXBTC,1,0,0.83333333333333,1.1987,0.70,-0.1243,0.3713
998,RENBTC,0,0,0.83333333333333,1.9694,2.25,-1.828,0.4555
999,REPBTC,1,0,1,0.4359,1.88,0.1,-0.7412
1000,LRCBTC,1,0,0.83333333333333,0.9035,1.46,-3.6452,-1.8577
1001,SOLBTC,0,0,1,1.0613,1.49,1.5412,0.9733
1002,ONTBTC,0,0,0.83333333333333,1.9365,-3.47,2.5705,0.6905
1003,BCHBTC,0,0,0.83333333333333,0.1499,0.55,0.0158,0.1614
1004,LTOBTC,1,0,0.83333333333333,2.6992,-2.40,0.8532,2.6384
1005,WTCBTC,1,0,0.83333333333333,0.9252,0.67,0.1137,-0.038
1006,AIONBTC,0,0,0.83333333333333,0.5503,-0.33,-1.6326,-0.1702
1007,ICXBTC,0,0,1,0.7141,-1.96,0.9236,0.5226
1008,KMDBTC,0,0,0.83333333333333,0.3253,0.24,0.6378,0.4663
1009,ASTBTC,0,0,0.83333333333333,9.1965,6.15,-0.4008,1.883
1010,BTGBTC,0,0,0.83333333333333,0.5888,1.00,-0.5704,-0.2625
1011,NULSBTC,1,0,1,1.4058,-3.24,0.1066,-0.7099
1012,RLCBTC,1,0,0.83333333333333,0.0374,1.71,-0.1016,0.2054
1013,COMPBTC,0,0,0.83333333333333,1.1638,-4.72,-0.1165,0.6422
1014,GXSBTC,0,0,0.83333333333333,0.2893,0.31,0.1249,0.1509
1015,KAVABTC,0,0,0.83333333333333,0.3182,0.66,-1.1746,0.2913
1016,BANDBTC,0,0,0.83333333333333,-0.0786,0.57,-0.3595,-0.0047
1017,EOSBTC,0,0,0.83333333333333,0.4522,0.63,-0.6018,-0.8174
1018,KNCBTC,0,0,0.83333333333333,0.5782,1.33,-0.4998,-1.871
1019,QTUMBTC,1,0,0.83333333333333,1.0643,-1.68,2.4306,0.5251
1020,XTZBTC,0,0,0.83333333333333,1.1015,0.46,0.3313,-0.00019999999999998
1021,ZECBTC,0,0,0.83333333333333,0.279,-0.13,-0.0915,-0.1448
1022,BATBTC,0,0,1,0.7759,-0.40,-0.3255,-0.73
1023,BCDBTC,0,0,0.83333333333333,0.5036,0.49,-0.9549,-0.7885
1024,NANOBTC,0,0,0.83333333333333,0.4557,0.66,-0.2628,-0.2489
1025,XMRBTC,0,0,0.83333333333333,0.1591,1.23,-0.1161,-0.1646
1026,BNTBTC,0,0,0.83333333333333,2.1009,1.73,-0.8125,0.0598
1027,DASHBTC,0,0,0.83333333333333,0.3354,0.16,0.0233,0.0581
1028,OGNBTC,0,0,0.83333333333333,0.9982,1.22,-0.2602,-0.4718
1029,XLMBTC,0,0,0.83333333333333,0.679,0.34,-0.0396,0.0583
1030,ARNBTC,0,0,0.83333333333333,1.2269,-0.95,-2.2649,-2.6394
1031,IOTABTC,1,0,0.83333333333333,0.4266,0.02,-0.8179,-0.6983
1032,MTLBTC,0,0,0.83333333333333,0.3581,-0.12,-0.3245,-0.8563
1033,BQXBTC,1,0,0.83333333333333,1.8296,-1.02,0.0713,-0.3097
1034,THETABTC,0,0,0.83333333333333,0.545,0.10,-0.5384,-0.2336
1035,ELFBTC,0,0,1,2.2011,-1.51,0.3592,0.9386
1036,GVTBTC,0,0,0.83333333333333,1.0249,2.59,-1.2865,-0.7841
1037,PIVXBTC,0,0,1,0.6708,0.67,-0.0225,-0.0224
1038,ZRXBTC,1,0,0.83333333333333,1.6315,-3.52,2.0492,0.5976
1039,NEOBTC,1,0,0.83333333333333,0.8762,-0.20,0.1843,0.6443
1040,MANABTC,0,0,0.83333333333333,0.953,0.72,-0.3409,-0.00039999999999998
1041,AEBTC,0,0,0.83333333333333,1.3772,0.21,0.3456,0.2467
1042,ALGOBTC,1,0,0.83333333333333,0.9691,-0.28,0.2242,0.484
1043,ATOMBTC,1,0,0.83333333333333,0.7879,-2.27,-1.2889,0.3333
1044,BNBBTC,0,0,1,0.204,-0.16,0.1685,0.2087
1045,LINKBTC,0,0,0.83333333333333,0.2006,-0.06,1.088,0.3697
1046,LTCBTC,0,0,0.83333333333333,0.1122,0.00,-0.0469,0.1341
1047,BLZBTC,1,0,1,3.9368,-2.23,-3.8469,0.0348
1048,HCBTC,1,0,0.83333333333333,1.2471,-1.07,0.684,1.1118
1049,MCOBTC,0,0,0.83333333333333,0.3993,0.66,0.0531,0.1715
1050,REPBTC,1,0,0.83333333333333,1.7772,0.11,2.0405,0.2612
1051,LSKBTC,0,0,0.83333333333333,0.3927,0.71,0.6357,0.8343
1052,ZENBTC,1,0,0.83333333333333,0.0338,1.06,-0.1425,0.0661
1053,TOMOBTC,1,0,0.83333333333333,0.7802,1.21,-0.5976,0.2741
1054,SKYBTC,0,0,0.83333333333333,0.2852,1.14,-0.673,0.2503
1055,ADABTC,0,0,0.83333333333333,0.648,-0.96,1.2078,-0.4488
1056,ETCBTC,0,0,0.83333333333333,0.3507,-0.13,0.5117,0.1717
1057,LENDBTC,1,0,0.83333333333333,0.6751,-1.08,1.7384,0.8456
1058,OMGBTC,0,0,0.83333333333333,0.9915,-0.41,1.4476,1.6984
1059,WRXBTC,0,0,0.83333333333333,1.5333,-2.62,-0.64,0.2645
1060,BCHBTC,0,0,0.83333333333333,0.5452,-0.04,0.6832,0.3018
1061,ETHBTC,0,0,0.83333333333333,0.2164,-0.22,0.3371,0.0057
1062,OAXBTC,0,0,0.83333333333333,2.8652,0.40,1.4489,1.9907
1063,VETBTC,1,0,0.83333333333333,5.4378,-0.27,3.052,2.2099
1064,WTCBTC,1,0,0.83333333333333,0.7935,-1.18,2.0067,1.1822
1065,POWRBTC,0,0,0.83333333333333,0.7407,0.16,-0.0755,0.1059
1066,SOLBTC,0,0,0.83333333333333,0.65,0.60,-0.1486,0.4414
1067,ENJBTC,0,0,0.83333333333333,0.7898,1.26,-0.2931,-0.3162
1068,ONGBTC,1,0,0.83333333333333,0.97,0.07,-1.2707,-1.093
1069,BEAMBTC,1,0,0.83333333333333,0.247,1.50,0.0702,0.2124
1070,XZCBTC,0,0,0.83333333333333,0.4349,0.10,0.0466,0.0532
1071,STRATBTC,0,0,0.83333333333333,1.0273,-1.22,0.0281,-0.1045
1072,NULSBTC,1,0,0.83333333333333,1.4977,-2.06,4.2544,1.3805
1073,BANDBTC,1,0,0.83333333333333,0.4438,0.89,-1.3506,0.2534
1074,COMPBTC,0,0,0.83333333333333,1.9383,2.09,-1.1373,2.6217
1075,ZECBTC,0,0,1,1.0786,-0.78,1.0821,0.4035
1076,ICXBTC,1,0,1,0.8809,0.16,0.5373,-0.2744
1077,LTOBTC,1,0,0.83333333333333,2.0283,-0.87,0.0934,1.1909
1078,XMRBTC,0,0,0.83333333333333,0.0897,0.55,-0.5211,-0.2022
1079,EOSBTC,0,0,0.83333333333333,0.1573,0.32,0.6225,-0.1711
1080,BNTBTC,1,0,0.83333333333333,0.5062,0.72,0.4582,-0.3968
1081,DASHBTC,0,0,1,0.5885,-0.27,0.0038,-0.1793
1082,KAVABTC,0,0,0.83333333333333,0.6427,0.43,0.4415,0.4449
1083,ONTBTC,0,0,1,0.496,-2.54,-0.2992,-0.6848
1084,XRPBTC,0,0,0.83333333333333,0.3583,-0.04,0.0656,0.1974
1085,XTZBTC,0,0,0.83333333333333,0.3613,-0.23,0.284,-0.1702
1086,ASTBTC,1,0,0.83333333333333,3.7889,-0.55,0.5895,0.4368
1087,NANOBTC,0,0,0.83333333333333,0.4861,0.83,-0.1387,-0.1527
1088,IOTABTC,0,0,0.83333333333333,0.4915,-1.18,1.2975,0.7382
1089,QTUMBTC,0,0,0.83333333333333,0.1293,-2.79,-0.4573,-0.5608
1090,ARNBTC,1,0,0.83333333333333,1.8343,0.37,0.3725,1.2486
1091,OGNBTC,1,0,0.83333333333333,0.9615,0.08,-0.8406,-0.4591
1092,BQXBTC,0,0,0.83333333333333,1.0967,-2.50,3.8327,0.6301
1093,DCRBTC,0,0,0.83333333333333,0.6995,-0.91,0.0641,0.2574
1094,NASBTC,0,0,0.83333333333333,3.5391,-2.07,0.7283,1.1532
1095,PPTBTC,0,0,0.83333333333333,1.2728,-0.23,1.1738,0.7716
1096,WANBTC,0,0,0.83333333333333,0.18,0.49,0.4186,-0.0451
1097,ENGBTC,0,0,0.83333333333333,3.2133,-0.44,0.723,0.8599
1098,KNCBTC,1,0,0.83333333333333,0.1711,0.74,-0.393,-0.4379
1099,NEOBTC,0,0,0.83333333333333,0.6706,-2.25,0.1534,0.5241
1100,ALGOBTC,0,0,0.83333333333333,0.5638,-1.88,2.7354,2.4129
1101,REPBTC,0,0,0.83333333333333,1.7302,-2.95,2.1864,1.7951
1102,BTGBTC,1,0,0.83333333333333,0.5136,-0.46,-0.0466,-0.5372
1103,HCBTC,0,0,0.83333333333333,1.1475,-3.62,1.447,1.3306
1104,HIVEBTC,0,0,0.83333333333333,0.1302,-0.42,0.8419,-0.0686
1105,KMDBTC,0,0,0.83333333333333,0.6591,0.33,-0.3639,0.1711
1106,LRCBTC,1,0,0.83333333333333,1.2104,3.98,-0.5902,0.3357
1107,RENBTC,1,0,0.83333333333333,1.0773,0.06,0.8608,1.3332
1108,XLMBTC,1,0,0.83333333333333,0.6809,-0.09,-0.3294,0.0585
1109,ZENBTC,0,0,0.83333333333333,0.0903,-0.83,1.1948,-0.5655
1110,FTTBTC,0,0,0.83333333333333,0.3131,-0.15,0.1084,0.104
1111,RLCBTC,0,0,0.83333333333333,1.3904,-1.68,-2.406,-0.9265
1112,STXBTC,0,0,1,1.0342,1.25,-1.8933,-1.7
1113,SKYBTC,1,0,0.83333333333333,0.1512,0.23,0.3701,0.3782
1114,AIONBTC,0,0,0.83333333333333,0.2768,-0.02,-0.4847,-0.7489
1115,ATOMBTC,0,0,0.83333333333333,0.9841,-2.91,1.2708,-0.6393
1116,BLZBTC,1,0,0.83333333333333,1.9111,1.78,-2.3641,-2.4279
1117,LENDBTC,1,0,0.83333333333333,2.6041,-2.25,1.7254,2.5885
1118,ADABTC,0,0,0.83333333333333,0.3709,-1.24,-0.0404,-1.0682
1119,ARKBTC,0,0,1,1.4862,-0.41,0.156,0.4
1120,TOMOBTC,1,0,0.83333333333333,2.1163,-3.32,4.921,0.6972
1121,BNBBTC,0,0,0.83333333333333,0.3376,-0.37,-0.0551,-0.0092
1122,EVXBTC,1,0,0.83333333333333,0.6787,-0.58,1.0979,0.6539
1123,PNTBTC,1,0,0.83333333333333,0.8112,0.22,-0.2873,-0.3922
1124,BATBTC,0,0,0.83333333333333,0.6256,0.21,0.1104,0.3371
1125,WAVESBTC,0,0,0.83333333333333,0.6734,-0.06,-0.1045,-0.1745
1126,NEBLBTC,1,0,0.83333333333333,0.685,-0.27,0.1734,0.1556
1127,OAXBTC,1,0,0.83333333333333,0.491,2.42,-6.2651,-0.2581
1128,BCDBTC,1,0,0.83333333333333,0.392,-0.46,0.2405,1.1333
1129,LSKBTC,0,0,0.83333333333333,0.213,-0.30,0.0349,0.0117
1130,ETHBTC,0,0,0.83333333333333,0.3788,-0.64,0.8569,0.4659
1131,ZRXBTC,0,0,0.83333333333333,1.2946,-2.10,-1.5614,0.7856
1132,BCHBTC,0,0,1,0.2561,-0.87,0.9371,-0.0764
1133,LINKBTC,0,0,0.83333333333333,0.4396,-1.07,0.0513,-0.1237
1134,SOLBTC,0,0,0.83333333333333,0.4167,0.54,0.016,1.0212
1135,FTMBTC,1,0,0.83333333333333,17.812,0.09,5.3819,8.8274
1136,GVTBTC,0,0,0.83333333333333,0.672,0.79,-0.4049,0.2144
1137,WTCBTC,0,0,0.83333333333333,0.5583,-1.89,-0.6936,0.3661
1138,BANDBTC,0,0,0.83333333333333,1.7863,-0.72,1.9158,0.6153
1139,CHRBTC,1,0,0.83333333333333,1.7613,-1.34,1.7393,0.3357
1140,GASBTC,0,0,0.83333333333333,0.1765,-0.54,0.0522,0.0747
1141,LUNBTC,0,0,0.83333333333333,0.9957,-0.01,-0.0971,0.1401
1142,STRATBTC,1,0,0.83333333333333,2.3194,-1.57,1.4413,2.2498
1143,STEEMBTC,0,0,0.83333333333333,0.6811,-0.33,0.267,0.2084
1144,ARDRBTC,0,0,0.83333333333333,1.2383,-0.41,1.3316,1.6861
1145,ENJBTC,0,0,0.83333333333333,0.1562,-0.12,0.4762,-0.3869
1146,KAVABTC,1,0,0.83333333333333,0.4476,-0.24,0.2911,1.0478
1147,ONTBTC,0,0,0.83333333333333,0.2412,-0.05,-0.9445,-1.1208
1148,ETCBTC,0,0,0.83333333333333,0.2832,-0.53,0.2028,0.1594
1149,LTCBTC,0,0,0.83333333333333,0.2951,-0.43,0.4338,0.2166
1150,OMGBTC,1,0,0.83333333333333,0.4137,-0.48,-1.8633,-0.9871
1151,EOSBTC,1,0,0.83333333333333,0.6414,-0.80,0.7841,0.4598
1152,MCOBTC,0,0,0.83333333333333,0.0676,0.23,-0.2381,0.1223
1153,MDABTC,0,0,0.83333333333333,1.8323,0.14,0.4393,0.9747
1154,NULSBTC,0,0,0.83333333333333,1.4564,-4.51,1.3672,-0.723
1155,XRPBTC,0,0,1,1.0493,-1.09,1.2398,0.8757
1156,ZECBTC,1,0,0.83333333333333,0.2372,-1.68,0.2765,0.3037
1157,WPRBTC,0,0,0.83333333333333,5.242,2.04,1.0699,1.5303
1158,XTZBTC,0,0,0.83333333333333,0.4323,-1.04,-0.2081,0.0955
1159,COMPBTC,1,0,0.83333333333333,0.463,3.89,-1.7123,-1.7667
1160,ASTBTC,1,0,0.83333333333333,1.7547,-6.13,0.3932,-0.1622
1161,IOTABTC,1,0,0.83333333333333,0.4249,0.09,-0.9215,-0.7268
1162,RDNBTC,1,0,0.83333333333333,1.1259,-0.23,1.3379,1.6728
1163,STORJBTC,0,0,0.83333333333333,1.3075,1.16,-0.3276,0.556
1164,THETABTC,1,0,0.83333333333333,0.5465,0.14,-0.3782,0.1505
1165,XZCBTC,0,0,0.83333333333333,0.706,-0.56,0.1454,-0.5428
1166,KNCBTC,1,0,0.83333333333333,2.881,-0.72,2.3351,3.3596
1167,TNTBTC,0,0,1,1.5939,-0.22,0.8849,1.4175
1168,DASHBTC,0,0,0.83333333333333,0.2361,-0.40,0.1669,0.3992
1169,NANOBTC,0,0,0.83333333333333,0.5273,-0.15,0.3581,0.8819
1170,NEOBTC,0,0,0.83333333333333,0.6485,-0.54,-0.3872,0.2974
1171,BEAMBTC,0,0,0.83333333333333,1.4643,-1.42,-0.00030000000000005,-0.2419
1172,DCRBTC,0,0,0.83333333333333,0.9089,-0.72,0.5381,0.2092
1173,ELFBTC,1,0,0.83333333333333,1.3362,-0.58,-1.1159,-0.5063
1174,VIABTC,0,0,0.83333333333333,0.6558,-0.67,1.1049,0.6538
1175,BNTBTC,1,0,0.83333333333333,3.2857,-5.24,1.0164,1.1324
1176,BTGBTC,0,0,0.83333333333333,1.1127,-1.73,1.7923,0.3289
1177,NAVBTC,0,0,1,17.9441,-1.63,4.2341,5.5604
1178,KMDBTC,0,0,0.83333333333333,1.5737,0.17,0.4692,0.2128
1179,SYSBTC,0,0,0.83333333333333,4.5871,-1.81,0.3796,2.4829
1180,WRXBTC,0,0,0.83333333333333,1.2702,2.84,-0.6115,-0.9302
1181,LRCBTC,1,0,0.83333333333333,2.0238,-1.27,2.5008,2.4067
1182,SKYBTC,0,0,1,1.3304,-1.19,1.3077,0.5856
1183,BNBBTC,0,0,0.83333333333333,0.2047,0.10,-0.6917,-0.3634
1184,NASBTC,1,0,0.83333333333333,3.4471,-1.92,1.16,-0.0032
1185,RLCBTC,1,0,0.83333333333333,0.9169,-0.37,1.6258,0.7759
1186,XMRBTC,0,0,0.83333333333333,0.214,0.07,-0.2286,0.2165
1187,ARKBTC,0,0,0.83333333333333,0.5026,-0.78,-0.1595,-0.1081
1188,ICXBTC,0,0,0.83333333333333,0.577,0.58,-1.376,-0.6841
1189,LTOBTC,0,0,0.83333333333333,1.5442,1.14,0.2444,-0.7841
1190,PIVXBTC,0,0,1,15.844,-2.07,3.5288,6.0848
1191,ATOMBTC,0,0,0.83333333333333,0.5232,-0.25,-1.939,-0.1313
1192,NXSBTC,0,0,0.83333333333333,1.62,-1.79,1.8611,1.4933
1193,ONGBTC,0,0,0.83333333333333,-0.0915,1.96,-3.4487,-1.6263
1194,AIONBTC,0,0,0.83333333333333,0.7339,-0.28,-0.014,0.1174
1195,BATBTC,0,0,0.83333333333333,0.4374,-0.95,-0.0267,-0.7642
1196,INSBTC,0,0,0.83333333333333,0.8579,-0.05,-0.2751,0.1417
1197,PPTBTC,1,0,0.83333333333333,1.1386,-0.08,0.2615,0.3359
1198,WANBTC,0,0,0.83333333333333,0.7958,-0.62,1.314,0.5327
1199,ZRXBTC,1,0,0.83333333333333,2.8053,1.16,-1.6448,0.8103
1200,FETBTC,1,0,0.83333333333333,2.1605,-0.83,0.7167,1.3899
1201,LENDBTC,0,0,0.83333333333333,3.4398,-10.58,2.1128,1.999
1202,ZENBTC,0,0,0.83333333333333,1.1379,-1.11,0.6565,0.2831
1203,BCHBTC,0,0,0.83333333333333,0.8358,-1.48,1.4088,0.4801
1204,HIVEBTC,0,0,1,2.9908,-0.82,1.8656,1.6117
1205,STXBTC,1,0,0.83333333333333,2.3576,0.49,0.3097,1.3896
1206,PNTBTC,1,0,0.83333333333333,1.824,-7.30,3.408,-0.0739
1207,OGNBTC,1,0,1,1.0888,-1.02,-1.7688,-0.1409
1208,ETHBTC,0,0,0.83333333333333,0.3385,-1.22,0.2548,0.6111
1209,GVTBTC,0,0,0.83333333333333,1.0324,-0.85,0.4107,0.0584
1210,RENBTC,1,0,0.83333333333333,1.2025,-0.96,-2.4863,-2.1269
1211,ALGOBTC,0,0,0.83333333333333,0.7447,-0.67,-1.8665,-0.6963
1212,CTXCBTC,0,0,0.83333333333333,2.1533,-1.33,1.1156,1.6263
1213,WAVESBTC,0,0,0.83333333333333,0.1936,-0.45,-0.9688,-1.203
1214,KAVABTC,1,0,0.83333333333333,0.356,-2.15,1.1456,0.5603
1215,STRATBTC,0,0,0.83333333333333,1.0736,-0.92,-2.4997,-1.3
1216,BRDBTC,0,0,1,0.631,-0.45,0.4643,0.1472
1217,SOLBTC,0,0,0.83333333333333,0.3812,0.16,0.2065,-1.5701
1218,ARNBTC,1,0,0.83333333333333,4.3338,-3.10,0.6418,1.2962
1219,MTLBTC,0,0,0.83333333333333,0.5055,-0.15,-0.8956,0.0125
1220,BCDBTC,0,0,1,0.5901,-5.69,-2.9628,-0.6028
1221,COMPBTC,0,0,0.83333333333333,1.5724,2.00,1.8312,-0.0159
1222,NEBLBTC,0,0,0.83333333333333,0.8529,-0.38,-2.908,0.2753
1223,ADABTC,1,0,0.83333333333333,0.474,1.32,-0.4995,-0.3785
1224,BANDBTC,1,0,0.83333333333333,0.2958,-1.57,1.0161,1.0536
1225,CHRBTC,0,0,0.83333333333333,1.441,-2.05,-0.8689,0.7046
1226,KNCBTC,0,0,0.83333333333333,1.1397,-3.45,-1.2535,-1.1383
1227,REPBTC,0,0,0.83333333333333,1.8507,0.27,-0.9207,0.3874
1228,DASHBTC,0,0,1,0.241,-0.44,-0.0516,0.0247
1229,TOMOBTC,0,0,0.83333333333333,1.2508,-5.31,-1.0915,0.4531
1230,ASTBTC,0,0,0.83333333333333,1.2344,-2.27,-2.5456,0.4487
1231,LINKBTC,1,0,0.83333333333333,0.6465,0.47,0.0777,0.4114
1232,STEEMBTC,0,0,0.83333333333333,0.3642,0.01,-0.3577,-0.0913
1233,IOTABTC,0,0,0.83333333333333,0.4168,-0.58,0.3038,0.4989
1234,NULSBTC,0,0,0.83333333333333,4.0997,1.33,-3.3748,-0.7413
1235,LTCBTC,0,0,0.83333333333333,0.2434,-1.15,0.1769,-0.2012
1236,ONTBTC,1,0,0.83333333333333,0.2889,0.96,0.0217,-0.1521
1237,WABIBTC,0,0,0.83333333333333,1.3733,-0.69,0.7921,0.4172
1238,XTZBTC,1,0,0.83333333333333,0.9813,-0.61,-0.3575,0.0444
1239,ETCBTC,1,0,0.83333333333333,0.3984,-0.96,0.182,0.2788
1240,BEAMBTC,0,0,0.83333333333333,1.2268,-1.79,1.0556,0.135
1241,SKYBTC,0,0,1,0.518,-1.33,-0.2824,-0.1637
1242,ZECBTC,0,0,0.83333333333333,0.4269,-1.59,0.2375,-0.0607
1243,CTSIBTC,0,0,0.83333333333333,2.1664,-3.44,2.5306,1.1479
1244,XLMBTC,1,0,0.83333333333333,0.531,-0.41,-0.229,0.4402
1245,BNTBTC,0,0,0.83333333333333,1.2712,-5.26,0.722,-2.6656
1246,OMGBTC,0,0,0.83333333333333,0.4578,-0.49,1.3484,-0.2805
1247,QTUMBTC,0,0,0.83333333333333,0.4041,0.05,-0.1927,0.0075
1248,XMRBTC,0,0,1,0.5084,-0.06,0.7474,0.5238
1249,GRSBTC,0,0,0.83333333333333,0.9507,0.60,-0.4003,-0.079
1250,ATOMBTC,0,0,0.83333333333333,0.6709,1.50,-1.2304,-0.4164
1251,EOSBTC,0,0,0.83333333333333,0.2565,-1.78,-0.0156,0.1808
1252,RLCBTC,0,0,0.83333333333333,1.2703,-4.02,1.7314,-0.1387
1253,BLZBTC,0,0,0.83333333333333,1.5722,-0.63,-0.8606,-0.2232
1254,BNBBTC,1,0,0.83333333333333,0.4185,0.32,0.5148,0.5937
1255,ICXBTC,0,0,0.83333333333333,0.626,0.85,0.0447,0.9789
1256,NEOBTC,1,0,0.83333333333333,0.5636,0.43,-0.6207,0.0648
1257,AIONBTC,0,0,0.83333333333333,0.9152,-0.41,-0.2996,-1.1095
1258,BATBTC,0,0,0.83333333333333,1.4436,-0.55,0.6495,0.7264
1259,NANOBTC,1,0,0.83333333333333,0.8126,-0.30,-0.4815,-1.1432
1260,WTCBTC,0,0,0.83333333333333,1.0947,0.23,1.0979,0.0364
1261,ENJBTC,0,0,0.83333333333333,0.6329,0.77,-0.1503,0.1201
1262,NASBTC,1,0,0.83333333333333,1.538,-2.16,0.755,0.5647
1263,NXSBTC,0,0,0.83333333333333,1.0401,-0.52,-1.8002,-0.6494
1264,XRPBTC,0,0,0.83333333333333,0.3971,-0.85,-0.1282,0.3559
1265,PIVXBTC,0,0,0.83333333333333,1.6921,-3.90,1.6063,0.1432
1266,FTTBTC,0,0,0.83333333333333,0.3002,-0.29,0.3959,0.4715
1267,BCHBTC,0,0,0.83333333333333,0.8522,-2.23,0.5557,0.6421
1268,THETABTC,0,0,0.83333333333333,0.1601,-2.18,1.1105,-1.13
1269,STXBTC,0,0,0.83333333333333,1.258,-2.05,-0.2636,0.8586
1270,WRXBTC,0,0,0.83333333333333,0.7463,2.41,-0.5433,-0.2728
1271,LENDBTC,1,0,0.83333333333333,1.5239,-4.59,-0.4765,0.3213
1272,GASBTC,0,0,0.83333333333333,1.349,1.03,0.0916,0.2746
1273,HCBTC,0,0,0.83333333333333,1.9276,0.12,0.6514,1.4865
1274,BTGBTC,1,0,0.83333333333333,-0.0235,0.65,-1.0398,-0.4302
1275,CTXCBTC,0,0,0.83333333333333,0.8317,-2.34,-1.9717,-1.5028
1276,ETHBTC,0,0,0.83333333333333,0.2411,-0.95,0.2864,0.2901
1277,HIVEBTC,0,0,0.83333333333333,1.5445,-2.27,1.3089,0.5184
1278,RDNBTC,0,0,0.83333333333333,1.2544,-3.19,-0.9943,-0.1623
1279,STRATBTC,0,0,0.83333333333333,0.3731,0.75,-0.7683,-0.347
1280,ZENBTC,0,0,0.83333333333333,0.673,-1.53,1.2575,-0.0955
1281,ARDRBTC,0,0,0.83333333333333,1.6006,0.12,0.9004,0.3588
1282,ARKBTC,0,0,0.83333333333333,0.7503,-0.64,0.2247,0.0562
1283,ENGBTC,0,0,1,1.3885,0.27,0.3469,0.4318
1284,COMPBTC,0,0,1,0.7547,0.90,-0.4884,-0.5529
1285,OGNBTC,1,0,0.83333333333333,0.6802,-0.56,-1.9122,-0.933
1286,PNTBTC,1,0,0.83333333333333,1.556,-4.91,-1.895,-0.4229
1287,REQBTC,1,0,0.83333333333333,3.0047,1.29,-0.6258,0.5769
1288,BANDBTC,0,0,0.83333333333333,0.8171,-3.38,2.8364,1.8316
1289,DATABTC,0,0,0.83333333333333,1.1201,-1.15,0.8578,-0.00019999999999999
1290,WAVESBTC,0,0,0.83333333333333,0.1355,-0.03,0.8211,0.023
1291,SOLBTC,0,0,0.83333333333333,0.5258,0.42,0.028,0.0903
1292,KAVABTC,1,0,0.83333333333333,0.4566,-1.83,-0.1048,0.8725
1293,ARNBTC,1,0,0.83333333333333,0.9184,-6.58,5.0548,-2.0764
1294,RENBTC,1,0,0.83333333333333,2.4084,-2.18,3.2333,1.4069
1295,LINKBTC,1,0,0.83333333333333,1.5966,-5.37,3.4325,0.9223
1296,STEEMBTC,0,0,0.83333333333333,0.4528,-0.04,-0.143,0.3189
1297,REPBTC,0,0,0.83333333333333,0.9188,1.66,-0.3936,0.1898
1298,BCDBTC,0,0,0.83333333333333,0.77,-0.88,-0.4301,-0.6882
1299,ZRXBTC,0,0,0.83333333333333,0.8007,0.72,-1.6668,-0.6826
1300,LTCBTC,0,0,1,0.3386,-0.87,0.2483,-0.2726
1301,ONTBTC,0,0,0.83333333333333,0.7301,-0.69,1.4583,0.0426
1302,SKYBTC,0,0,0.83333333333333,0.3472,-1.06,0.2378,0.068
1303,XTZBTC,1,0,0.83333333333333,0.5199,-1.48,-0.2186,-0.2571
1304,ZECBTC,0,0,0.83333333333333,0.3829,-0.85,-0.6792,-0.8121
1305,BNTBTC,0,0,1,1.4703,-0.55,-0.9283,-1.6524
1306,TOMOBTC,0,0,0.83333333333333,2.4565,1.08,-1.3942,-0.8869
1307,XZCBTC,0,0,0.83333333333333,2.485,-0.78,1.0853,1.2174
1308,ETCBTC,0,0,0.83333333333333,0.3536,-2.31,-0.0793,-0.1094
1309,IOTABTC,0,0,0.83333333333333,0.1146,0.17,-1.0708,-0.7025
1310,STORJBTC,0,0,0.83333333333333,0.8911,-0.87,0.385,0.1917
1311,POABTC,0,0,0.83333333333333,4.691,-1.89,1.8985,1.6978
1312,RLCBTC,0,0,0.83333333333333,0.8251,-1.98,-1.3293,-0.8118
1313,ICXBTC,1,0,0.83333333333333,0.4239,0.92,-0.8816,0.0377
1314,ONGBTC,1,0,0.83333333333333,0.8598,1.04,0.5049,0.0258
1315,XMRBTC,0,0,1,0.1286,0.02,-0.1298,-0.0968
1316,NANOBTC,1,0,0.83333333333333,0.3508,-1.52,2.6422,1.4805
1317,PIVXBTC,0,0,0.83333333333333,1.1762,-2.11,-1.1617,-0.6714
1318,DASHBTC,0,0,0.83333333333333,0.0687,-0.72,0.4092,0.0699
1319,KNCBTC,1,0,0.83333333333333,1.4061,1.48,-0.91,-0.7945
1320,MCOBTC,0,0,0.83333333333333,0.1261,0.30,-0.3607,0.0474
1321,ADABTC,1,0,0.83333333333333,0.8843,-3.50,0.2022,0.7492
1322,ATOMBTC,1,0,0.83333333333333,0.3962,0.89,-0.3724,-0.784
1323,DCRBTC,0,0,0.83333333333333,0.5111,-0.10,-0.9372,-0.4476
1324,EOSBTC,0,0,0.83333333333333,0.2605,-0.89,-0.72,-0.2013
1325,NEOBTC,0,0,0.83333333333333,0.7568,-1.01,-0.153,0.1526
1326,THETABTC,1,0,0.83333333333333,0.3241,-1.44,-0.1798,-0.0582
1327,QTUMBTC,0,0,0.83333333333333,0.3705,0.18,-1.4458,-0.0674
1328,GASBTC,0,0,0.83333333333333,0.3875,0.36,-0.0536,0.1832
1329,XLMBTC,0,0,0.83333333333333,1.0457,-1.01,-0.3371,0.3556
1330,MTLBTC,0,0,0.83333333333333,0.5276,-0.29,0.3699,0.6645
1331,BEAMBTC,0,0,0.83333333333333,0.4523,-0.46,-1.1533,-0.0341
1332,NASBTC,0,0,0.83333333333333,1.1436,-2.53,3.5182,-0.8448
1333,RDNBTC,0,0,0.83333333333333,1.5504,-1.53,1.0946,0.8563
1334,NULSBTC,0,0,0.83333333333333,2.1038,2.53,-0.8473,0.0404
1335,PPTBTC,1,0,0.83333333333333,0.5873,-0.66,0.7525,0.5987
1336,COMPBTC,0,0,1,1.4171,0.71,0.1029,0.6344
1337,ETHBTC,0,0,0.83333333333333,0.286,-0.08,-0.4456,-0.3894
1338,OGNBTC,0,0,1,1.212,-0.65,-0.2221,-1.1873
1339,BANDBTC,1,0,0.83333333333333,0.5536,-1.91,-0.0897,2.4442
1340,BNBBTC,0,0,1,0.4178,-1.33,0.0131,-0.2549
1341,PNTBTC,1,0,1,0.8644,-2.31,-0.4275,-1.3719
1342,AIONBTC,0,0,0.83333333333333,1.2679,0.04,1.2685,1.1083
1343,ZENBTC,0,0,0.83333333333333,1.2613,-0.67,-0.203,-0.0539
1344,CTSIBTC,0,0,0.83333333333333,1.2438,0.75,0.5355,1.2918
1345,RENBTC,0,0,0.83333333333333,2.2875,-3.99,0.8743,-1.0697
1346,WABIBTC,1,0,0.83333333333333,0.8536,-0.68,0.0365,-0.0133
1347,ARNBTC,1,0,1,0.8868,-2.25,-2.1644,-0.2302
1348,OMGBTC,0,0,1,0.6723,0.13,-1.1315,-1.5606
1349,WAVESBTC,0,0,0.83333333333333,0.6424,-0.90,1.5887,0.1817
1350,STXBTC,0,0,0.83333333333333,0.6406,-0.12,-0.3359,-0.5696
1351,BCHBTC,0,0,0.83333333333333,0.2455,-0.43,-0.5432,-0.1627
1352,LENDBTC,1,0,0.83333333333333,3.4168,-1.67,2.1919,-0.6576
1353,ALGOBTC,1,0,0.83333333333333,0.2471,0.22,0.1001,-0.0766
1354,LINKBTC,0,0,0.83333333333333,0.3065,-6.07,-0.4263,-0.5583
1355,REPBTC,0,0,1,0.698,0.08,0.3349,0.961
1356,WANBTC,0,0,0.83333333333333,1.4183,0.33,0.1208,0.0952
1357,BCDBTC,0,0,0.83333333333333,1.2423,1.27,-0.8853,-0.2163
1358,KAVABTC,0,0,0.83333333333333,2.3972,-2.01,-1.8423,0.5316
1359,BNTBTC,0,0,0.83333333333333,1.8184,0.58,-0.6641,2.6615
1360,LUNBTC,0,0,0.83333333333333,1.0208,-0.67,0.3884,0.0215
1361,ZRXBTC,1,0,0.83333333333333,0.8779,0.17,0.5176,0.6084
1362,ETCBTC,1,0,0.83333333333333,0.4062,-0.76,-0.6605,-0.0154
1363,ZECBTC,1,0,0.83333333333333,0.2137,0.49,-1.0497,-0.4525
1364,DGBBTC,1,0,0.83333333333333,1.764,-0.94,1.0777,0.6327
1365,LRCBTC,1,0,0.83333333333333,0.2843,2.36,-2.3016,-1.0777
1366,DASHBTC,0,0,0.83333333333333,0.3924,-0.18,-0.2394,-0.078
1367,XMRBTC,0,0,0.83333333333333,0.2358,0.15,-0.0433,0.0103
1368,BTGBTC,0,0,0.83333333333333,0.0829,0.50,-0.3208,0.0762
1369,ICXBTC,1,0,0.83333333333333,1.6008,-2.32,3.3228,0.3083
1370,PIVXBTC,0,0,0.83333333333333,0.364,-0.24,0.5231,0.6117
1371,KNCBTC,0,0,0.83333333333333,1.2832,-0.05,1.7572,0.1565
1372,THETABTC,0,0,1,1.5894,-2.97,4.2131,3.505
1373,BATBTC,1,0,0.83333333333333,0.2534,0.08,-0.456,0.1869
1374,KMDBTC,0,0,0.83333333333333,1.4239,-0.56,0.4661,0.6342
1375,STRATBTC,0,0,0.83333333333333,0.4096,0.18,0.224,0.5206
1376,HIVEBTC,0,0,0.83333333333333,0.2514,-0.29,0.1629,0.7063
1377,ONGBTC,0,0,0.83333333333333,1.7175,-1.77,3.3991,2.3006
1378,EOSBTC,0,0,0.83333333333333,0.4759,0.45,-0.2336,-0.0832
1379,NEOBTC,1,0,1,0.7553,-0.32,-0.6892,-0.1535
1380,QTUMBTC,0,0,0.83333333333333,0.6228,0.83,-0.2253,0.03
1381,RLCBTC,1,0,1,1.1591,0.47,0.1156,-0.3363
1382,STEEMBTC,0,0,0.83333333333333,0.7729,-0.08,-0.1499,0.1759
1383,XRPBTC,0,0,0.83333333333333,0.1995,0.34,-0.1569,0.2284
1384,ONTBTC,0,0,1,0.8972,0.25,-1.2567,0.1955
1385,XTZBTC,1,0,1,1.2567,-1.76,1.1375,-0.1341
1386,NANOBTC,0,0,0.83333333333333,0.7888,-2.59,1.111,-1.3175
1387,NASBTC,1,0,0.83333333333333,0.236,-1.15,-0.582,-0.3683
1388,SYSBTC,1,0,0.83333333333333,3.7795,0.40,1.1007,1.8253
1389,ARKBTC,1,0,0.83333333333333,0.3213,0.14,-0.5334,0.2977
1390,CTXCBTC,0,0,0.83333333333333,2.4983,-0.72,1.4794,1.737
1391,BEAMBTC,0,0,0.83333333333333,1.1417,0.31,-0.3407,0.0681
1392,XZCBTC,0,0,0.83333333333333,0.3052,-0.63,-0.3395,0.1424
1393,NEBLBTC,0,0,0.83333333333333,0.9328,0.12,0.3731,0.3103
1394,ZILBTC,1,0,0.83333333333333,4.2682,-1.25,1.5174,2.5534
1395,GASBTC,0,0,0.83333333333333,0.5482,-0.16,-0.1906,-0.0154
1396,LSKBTC,0,0,0.83333333333333,0.4077,0.24,-0.4205,0.1637
1397,ELFBTC,0,0,0.83333333333333,6.4775,1.59,0.039,0.532
1398,ATOMBTC,1,0,0.83333333333333,0.5508,-1.58,0.7845,-0.3229
1399,BNBBTC,1,0,0.83333333333333,0.1156,-1.48,1.1541,-0.1491
1400,COMPBTC,0,0,0.83333333333333,0.6601,-0.24,1.5369,0.8464
1401,MCOBTC,0,0,0.83333333333333,0.1126,-0.11,-0.4322,-0.3853
1402,SOLBTC,1,0,0.83333333333333,3.9637,-0.92,1.5796,1.7907
1403,WRXBTC,0,0,1,0.8875,0.22,-0.952,-0.0976
1404,FTTBTC,0,0,0.83333333333333,0.2954,-0.37,0.3653,0.1246
1405,PNTBTC,0,0,1,1.4449,-1.86,0.3753,-0.1915
1406,SKYBTC,0,0,0.83333333333333,0.6078,0.57,0.1587,0.3406
1407,LTCBTC,0,0,0.83333333333333,0.2313,-0.01,-0.076,-0.3311
1408,ETHBTC,0,0,0.83333333333333,0.3661,0.26,0.2765,0.2405
1409,NULSBTC,0,0,0.83333333333333,2.5911,2.51,-0.8764,-1.4243
1410,BANDBTC,1,0,0.83333333333333,1.873,-5.62,1.864,0.97
1411,EVXBTC,0,0,0.83333333333333,2.3017,0.53,0.9144,0.4957
1412,HCBTC,0,0,0.83333333333333,0.8809,0.26,0.4094,0.276
1413,RENBTC,1,0,0.83333333333333,1.3611,-1.38,-0.4527,0.3983
1414,XLMBTC,1,0,0.83333333333333,1.1591,-1.31,0.2951,-0.0559
1415,WTCBTC,1,0,0.83333333333333,1.7601,-0.18,1.2023,0.9797
1416,AIONBTC,1,0,0.83333333333333,0.7131,-2.04,0.3054,0.241
1417,TOMOBTC,0,0,0.83333333333333,0.9317,-0.84,0.0628,-0.6115
1418,AEBTC,0,0,0.83333333333333,1.0254,0.23,0.5511,0.3733
1419,ALGOBTC,0,0,0.83333333333333,1.185,-1.17,1.9067,2.313
1420,DCRBTC,0,0,1,1.8052,-1.11,1.2241,0.8286
1421,GNTBTC,0,0,0.83333333333333,2.2858,-0.11,1.2961,1.2914
1422,NAVBTC,0,0,1,0.9219,-0.87,0.0097,-0.5569
1423,QLCBTC,0,0,0.83333333333333,2.3653,-4.69,0.8165,-0.0013000000000001
1424,REPBTC,0,0,0.83333333333333,0.4344,-1.29,1.1998,0.6963
1425,BCDBTC,1,0,0.83333333333333,2.0943,-0.07,0.1028,1.2001
1426,GXSBTC,0,0,0.83333333333333,1.942,0.26,0.0779,0.2033
1427,WAVESBTC,0,0,1,0.8184,-0.38,-0.8127,-0.2873
1428,OMGBTC,0,0,0.83333333333333,0.439,1.02,0.8228,0.6209
1429,ARNBTC,1,0,0.83333333333333,0.9134,-4.09,2.427,-2.2624
1430,ADABTC,1,0,0.83333333333333,1.7177,-3.47,2.9819,2.2832
1431,LINKBTC,1,0,0.83333333333333,0.8266,-2.07,1.1155,-0.0508
1432,OGNBTC,0,0,0.83333333333333,0.9748,-1.13,1.6905,0.8928
1433,KAVABTC,0,0,0.83333333333333,0.6498,-1.49,1.5235,0.2033
1434,WANBTC,0,0,0.83333333333333,0.4736,-0.74,1.1751,1.3445
1435,BNTBTC,0,0,0.83333333333333,0.8536,-0.93,-1.6174,-1.0891
1436,ICXBTC,1,0,0.83333333333333,0.8352,-4.96,3.0736,1.7849
1437,PIVXBTC,0,0,0.83333333333333,0.304,-0.93,-0.5766,-0.8374
1438,ETCBTC,0,0,0.83333333333333,0.6512,-1.21,2.3882,0.79
1439,FETBTC,0,0,0.83333333333333,1.5152,1.60,-0.6517,0.6529
1440,KNCBTC,0,0,0.83333333333333,0.963,0.54,-1.7536,-1.0293
1441,VETBTC,0,0,0.83333333333333,2.8573,-4.29,4.4936,4.432
1442,ZRXBTC,0,0,0.83333333333333,1.0246,-1.75,3.8174,1.0056
1443,CHRBTC,0,0,0.83333333333333,2.2583,-0.15,2.9832,2.7469
1444,DASHBTC,0,0,0.83333333333333,0.3127,-0.50,0.3392,-0.0414
1445,IOTABTC,0,0,0.83333333333333,0.4199,-0.18,0.426,0.0492
1446,BCHBTC,0,0,0.83333333333333,0.1062,0.28,0.2143,0.1284
1447,STRATBTC,1,0,0.83333333333333,0.6436,-0.31,0.2123,-0.1845
1448,BATBTC,0,0,0.83333333333333,0.459,-0.77,1.2455,1.3574
1449,KMDBTC,1,0,0.83333333333333,0.7825,-1.52,0.3325,-0.2907
1450,ONTBTC,0,0,0.83333333333333,0.3764,0.28,0.7134,0.7556
1451,NANOBTC,0,0,0.83333333333333,0.5827,-0.43,-0.4888,0.1056
1452,REQBTC,0,0,0.83333333333333,2.5725,-0.40,-0.6461,-0.4168
1453,SXPBTC,0,0,0.83333333333333,1.1769,0.00,-5.1627,1.1097
1454,LRCBTC,0,0,0.83333333333333,0.6588,0.78,0.3765,-0.6446
1455,PPTBTC,0,0,0.83333333333333,0.7784,-2.73,0.5394,-0.7273
1456,QTUMBTC,0,0,1,0.4239,-0.10,0.3494,0.5644
1457,RLCBTC,0,0,0.83333333333333,1.2338,-3.87,2.5598,0.4393
1458,STXBTC,0,0,0.83333333333333,0.9157,0.03,-0.0506,0.466
1459,GASBTC,0,0,0.83333333333333,0.5122,-0.04,-0.183,0.1373
1460,XTZBTC,0,0,0.83333333333333,0.3078,-2.78,1.3387,-0.4752
1461,WRXBTC,0,0,0.83333333333333,0.8678,-0.04,1.1137,1.7209
1462,AMBBTC,1,0,0.83333333333333,3.5116,-1.02,0.3032,0.9053
1463,LENDBTC,0,0,0.83333333333333,1.5429,-5.42,1.2473,0.5165
1464,THETABTC,1,0,1,1.4941,-3.60,1.1558,-0.7043
1465,BNBBTC,0,0,0.83333333333333,0.4825,-1.75,0.1156,-0.6304
1466,ETHBTC,0,0,1,0.2056,-0.20,0.1602,-0.0909
1467,NEOBTC,0,0,0.83333333333333,0.7016,-0.63,0.1005,-0.6434
1468,ATOMBTC,1,0,0.83333333333333,0.7079,-3.72,-0.1622,-1.6466
1469,RENBTC,1,0,1,1.9037,-1.99,1.4239,-2.0509
1470,XZCBTC,0,0,0.83333333333333,0.3499,-0.39,0.1386,0.1986
1471,LUNBTC,0,0,0.83333333333333,0.6219,-0.22,-1.2256,-1.306
1472,CTSIBTC,0,0,0.83333333333333,4.5839,-2.55,3.0294,3.7015
1473,AIONBTC,0,0,0.83333333333333,1.6574,-1.28,2.7631,0.5629
1474,ENJBTC,0,0,0.83333333333333,1.5228,0.17,0.5813,0.2183
1475,MCOBTC,0,0,0.83333333333333,0.241,0.11,0.3198,-0.1423
1476,INSBTC,0,0,0.83333333333333,0.525,-0.54,0.4231,0.0465
1477,LSKBTC,0,0,0.83333333333333,0.2318,-1.00,0.7705,0.5963
1478,WTCBTC,0,0,0.83333333333333,1.0182,-3.56,-0.3122,-0.1057
1479,EOSBTC,1,0,0.83333333333333,0.3019,-0.02,-0.2437,-0.3318
1480,NASBTC,0,0,0.83333333333333,0.3873,-0.18,-1.9502,-1.1356
1481,REPBTC,1,0,0.83333333333333,0.6773,-1.23,1.0948,-0.8743
1482,TOMOBTC,1,0,0.83333333333333,3.3262,-0.25,1.1026,0.4969
1483,WAVESBTC,0,0,0.83333333333333,0.312,-0.27,-0.2965,-0.5706
1484,XMRBTC,0,0,1,0.4647,-0.35,-0.4101,-0.3328
1485,LTCBTC,1,0,0.83333333333333,0.2026,0.22,-0.4141,-0.4027
1486,PNTBTC,1,0,0.83333333333333,1.002,0.86,-0.3733,-0.2084
1487,ZECBTC,1,0,0.83333333333333,0.618,-0.64,-0.7772,-0.4297
1488,ARKBTC,0,0,0.83333333333333,1.8452,-3.39,-0.8593,-0.5333
1489,ASTBTC,0,0,0.83333333333333,1.0203,1.24,0.2936,0.6613
1490,ADABTC,1,0,0.83333333333333,0.4669,-4.99,1.1522,2.1205
1491,XLMBTC,1,0,0.83333333333333,1.766,-1.48,-0.9294,1.2026
1492,BEAMBTC,0,0,0.83333333333333,0.5898,0.04,-0.1702,0.272
1493,COMPBTC,0,0,1,1.0754,1.78,-2.0043,0.0695
1494,BNTBTC,0,0,0.83333333333333,0.7629,-0.73,1.0168,0.6853
1495,TNTBTC,0,0,0.83333333333333,1.0487,-0.43,0.7946,0.7556
1496,VETBTC,1,0,0.83333333333333,5.4278,-5.19,2.6574,3.5242
1497,BANDBTC,1,0,0.83333333333333,1.2003,-4.65,1.0879,0.5769
1498,BCDBTC,1,0,0.83333333333333,2.7033,-2.00,-2.0492,-0.2313
1499,KAVABTC,0,0,0.83333333333333,0.2802,-1.41,-0.2355,0.8728
1500,ADXBTC,1,0,0.83333333333333,0.4414,-0.86,-1.0173,0.2168
1501,STRATBTC,1,0,1,1.2934,-2.37,2.0056,2.6829
1502,DCRBTC,0,0,0.83333333333333,1.4039,-1.63,0.219,0.4735
1503,ENGBTC,0,0,0.83333333333333,0.8201,-0.10,0.7528,0.4928
1504,NULSBTC,0,0,0.83333333333333,0.9428,0.84,0.3384,0.4791
1505,STEEMBTC,1,0,0.83333333333333,0.5839,-0.40,-0.2447,0.1159
1506,KMDBTC,0,0,1,1.6259,-2.07,1.8188,1.8457
1507,NANOBTC,0,0,1,0.8857,0.24,-0.04,0.1585
1508,KNCBTC,1,0,0.83333333333333,1.5818,2.58,-0.3813,-0.6699
1509,ZENBTC,0,0,0.83333333333333,0.5167,0.48,0.0561,0.0462
1510,ZRXBTC,1,0,0.83333333333333,3.8863,-1.24,0.3473,1.3996
1511,ARNBTC,0,0,0.83333333333333,0.5933,-0.63,-1.6769,-0.6883
1512,DASHBTC,0,0,1,0.3581,0.05,-0.2193,-0.1741
1513,LINKBTC,1,0,0.83333333333333,1.9697,-1.68,0.4212,-0.5419
1514,BATBTC,1,0,0.83333333333333,0.5484,0.60,-0.8493,-0.8478
1515,QTUMBTC,1,0,0.83333333333333,0.5042,-0.94,0.6699,0.1614
1516,IOTABTC,1,0,0.83333333333333,1.1706,-0.50,0.2553,0.2655
1517,ONGBTC,0,0,0.83333333333333,0.2695,1.00,-0.7888,0.1862
1518,ETCBTC,1,0,0.83333333333333,0.3294,-1.34,-0.7062,-0.7958
1519,ZILBTC,0,0,0.83333333333333,2.6708,-3.07,1.6795,1.9349
1520,BQXBTC,0,0,0.83333333333333,1.1575,0.17,-0.0245,0.5507
1521,SNTBTC,1,0,1,4.0191,-2.13,1.9601,0.7926
1522,XRPBTC,1,0,1,2.0283,0.08,0.7707,0.4771
1523,ICXBTC,1,0,0.83333333333333,0.3285,-3.04,0.1665,-1.4558
1524,XTZBTC,1,0,0.83333333333333,0.9777,-0.67,0.7489,0.972
1525,OGNBTC,1,0,0.83333333333333,1.674,-1.67,-0.3962,-0.3515
1526,OMGBTC,1,0,0.83333333333333,0.3804,0.10,0.0431,0.2335
1527,SOLBTC,1,0,0.83333333333333,4.4858,-2.70,1.8233,1.3447
1528,BCHBTC,0,0,1,0.9032,-0.14,0.4033,0.442
1529,ONTBTC,1,0,0.83333333333333,1.0505,-0.08,0.9084,0.8842
1530,DOGEBTC,1,0,0.83333333333333,12.2097,-11.22,17.7196,15.3896
1531,HIVEBTC,0,0,0.83333333333333,0.8969,0.84,-0.263,-0.2696
1532,THETABTC,0,0,0.83333333333333,1.5207,-3.32,4.0796,2.2558
1533,BTGBTC,0,0,0.83333333333333,1.7604,-0.01,0.1521,0.6541
1534,ETHBTC,0,0,0.83333333333333,0.2561,-0.52,0.376,0.5195
1535,GRSBTC,1,0,0.83333333333333,0.4926,-0.31,0.0776,0.4034
1536,ATOMBTC,1,0,1,1.269,-2.73,3.0849,3.7419
1537,ELFBTC,0,0,0.83333333333333,1.1239,-1.10,-1.4111,-0.6828
1538,HCBTC,0,0,0.83333333333333,0.8143,-0.50,0.504,0.9096
1539,AEBTC,1,0,0.83333333333333,0.9478,-0.31,0.0095,1.0356
1540,BRDBTC,0,0,1,1.8334,-0.38,0.7497,0.7929
1541,NEOBTC,1,0,0.83333333333333,0.3479,-1.08,1.238,1.0831
1542,RENBTC,0,0,1,5.9699,-2.77,3.7218,1.5456
1543,LSKBTC,1,0,0.83333333333333,0.706,-0.84,-0.1377,0.0341
1544,ALGOBTC,1,0,0.83333333333333,0.3958,-0.92,0.3068,0.6824
1545,LTOBTC,1,0,0.83333333333333,0.6617,0.43,-0.9904,-0.8279
1546,NASBTC,0,0,0.83333333333333,1.062,0.38,1.0421,0.9465
1547,WABIBTC,1,0,0.83333333333333,0.4961,-0.29,-0.0824,-0.7761
1548,WANBTC,0,0,0.83333333333333,1.6112,-1.69,0.7188,0.7364
1549,LENDBTC,0,0,0.83333333333333,1.8681,0.92,0.0327,-0.7245
1550,STXBTC,1,0,0.83333333333333,1.1944,-0.57,1.3469,-0.2406
1551,SXPBTC,1,0,0.83333333333333,1.7837,3.59,-4.4354,-0.1317
1552,RLCBTC,0,0,0.83333333333333,0.5877,-1.38,-2.3544,-2.795
1553,ARKBTC,1,0,0.83333333333333,0.3078,-1.01,-0.9895,-0.5507
1554,TOMOBTC,0,0,1,2.9744,-4.87,-0.3905,-0.2089
1555,ZECBTC,1,0,0.83333333333333,0.7522,-1.76,2.9404,0.586
1556,COMPBTC,0,0,0.83333333333333,0.8429,2.48,-1.2373,-1.1759
1557,MCOBTC,0,0,0.83333333333333,0.3367,-0.04,0.1296,0.2023
1558,SKYBTC,0,0,0.83333333333333,1.1616,0.09,0.2405,0.2618
1559,STORJBTC,0,0,1,1.1739,0.39,0.2568,0.3932
1560,BNTBTC,1,0,0.83333333333333,0.963,0.45,-0.8152,-0.157
1561,REPBTC,1,0,0.83333333333333,0.6638,-1.20,-1.2467,-1.2879
1562,GASBTC,0,0,0.83333333333333,0.8623,-0.55,0.4672,0.8068
1563,BANDBTC,1,0,0.83333333333333,2.3462,-2.98,-2.0257,0.2303
1564,EOSBTC,1,0,0.83333333333333,0.3708,-1.09,1.1957,-0.0866
1565,XMRBTC,0,0,0.83333333333333,0.0847,-0.81,0.607,0.2553
1566,LTCBTC,0,0,0.83333333333333,0.3882,-0.91,1.4408,0.0656
1567,PPTBTC,0,0,0.83333333333333,0.4286,-0.33,-0.2446,-0.0652
1568,WAVESBTC,1,0,0.83333333333333,0.6979,-0.36,0.0567,-0.1249
1569,DCRBTC,0,0,0.83333333333333,0.9011,-1.70,0.3445,-0.3714
1570,LRCBTC,1,0,0.83333333333333,0.9783,2.24,-0.5573,-0.1957
1571,WTCBTC,1,0,1,3.6173,-1.48,0.8963,1.2374
1572,ADXBTC,1,0,0.83333333333333,0.9966,0.87,-0.6595,0.0906
1573,MTLBTC,1,0,0.83333333333333,0.7015,-0.44,0.458,0.6596
1574,AIONBTC,1,0,0.83333333333333,0.6013,-1.43,0.557,0.5678
1575,BCDBTC,0,0,0.83333333333333,0.8836,-1.72,0.2935,-1.3867
1576,LINKBTC,1,0,0.83333333333333,3.4051,-3.04,2.3085,2.4106
1577,NULSBTC,0,0,0.83333333333333,0.6935,2.05,-4.4911,0.243
1578,IOTABTC,1,0,0.83333333333333,0.4068,-1.92,0.5091,0.6297
1579,KAVABTC,0,0,0.83333333333333,0.2343,1.22,-0.9459,0.4001
1580,QTUMBTC,1,0,0.83333333333333,1.1018,-1.88,0.5265,0.7704
1581,VIABTC,0,0,0.83333333333333,1.3882,0.02,-0.0068,0.1921
1582,DASHBTC,1,0,1,0.2393,-0.73,0.7747,0.3929
1583,ZENBTC,0,0,0.83333333333333,1.1769,0.44,-0.8152,0.5453
1584,ZRXBTC,0,0,0.83333333333333,2.4376,-5.80,4.0134,2.8957
1585,ENJBTC,0,0,1,1.9459,-1.36,1.3093,0.4787
1586,WRXBTC,1,0,0.83333333333333,0.6723,0.21,0.7364,0.473
1587,ENGBTC,1,0,0.83333333333333,0.6234,-0.11,-0.0115,-0.1735
1588,PNTBTC,0,0,0.83333333333333,0.7238,-0.84,1.7175,-0.221
1589,NANOBTC,1,0,0.83333333333333,0.965,-0.43,0.8262,0.8511
1590,ASTBTC,1,0,0.83333333333333,1.7928,0.95,1.0724,0.59
1591,BNBBTC,0,0,0.83333333333333,0.904,-0.84,0.1511,0.2866
1592,KMDBTC,0,0,0.83333333333333,0.511,-2.37,1.7646,-0.3151
1593,XTZBTC,0,0,0.83333333333333,0.1984,-1.88,1.1807,1.8294
1594,OGNBTC,1,0,0.83333333333333,0.8102,-2.06,1.5882,0.7023
1595,BATBTC,1,0,0.83333333333333,0.3887,-0.25,1.6909,0.869
1596,FETBTC,1,0,1,2.0401,-1.05,2.3649,1.0043
1597,KNCBTC,0,0,0.83333333333333,0.4617,0.44,-1.7385,-1.5959
1598,MANABTC,0,0,0.83333333333333,1.7902,-2.56,0.6093,0.1275
1599,OMGBTC,0,0,0.83333333333333,0.4203,-3.07,1.5485,-1.0336
1600,ONTBTC,0,0,0.83333333333333,1.1822,-2.66,1.8747,0.5792
1601,RDNBTC,1,0,1,1.518,0.91,0.9131,0.8596
1602,ARNBTC,1,0,0.83333333333333,3.2279,2.72,1.2272,-0.6921
1603,ICXBTC,0,0,1,3.0533,-2.41,1.5221,-0.0901
1604,POWRBTC,1,0,0.83333333333333,0.5061,-1.61,1.1168,0.6583
1605,SOLBTC,0,0,0.83333333333333,1.0055,-3.64,-0.878,-3.27
1606,ETCBTC,0,0,1,0.5125,-1.79,1.1201,-0.1055
1607,THETABTC,0,0,0.83333333333333,1.0417,-1.52,0.4441,0.9918
1608,XEMBTC,0,0,0.83333333333333,1.2179,-2.52,2.6191,1.2515
1609,ADABTC,0,0,0.83333333333333,1.5981,-9.27,1.3529,0.2783
1610,BCHBTC,0,0,0.83333333333333,0.2353,-0.80,0.0527,0.0704
1611,ETHBTC,0,0,0.83333333333333,-0.0211,-0.33,0.2613,0.0783
1612,PIVXBTC,0,0,0.83333333333333,1.2395,1.01,0.3731,0.0592
1613,XZCBTC,0,0,0.83333333333333,1.6036,-2.11,3.3023,2.5324
1614,INSBTC,1,0,0.83333333333333,0.6477,-0.20,1.1642,0.8955
1615,ATOMBTC,0,0,0.83333333333333,1.5441,-4.16,3.1363,2.0337
1616,BRDBTC,0,0,0.83333333333333,1.0424,-1.77,2.4259,0.6631
1617,XRPBTC,0,0,0.83333333333333,0.5128,-3.94,0.5602,-0.3459
1618,BEAMBTC,1,0,0.83333333333333,-0.5786,-0.42,-0.1353,0.0337
1619,CTXCBTC,0,0,0.83333333333333,1.5508,0.96,0.0806,1.0238
1620,HCBTC,1,0,0.83333333333333,1.0308,-1.25,1.024,-0.2153
1621,NASBTC,0,0,0.83333333333333,0.607,-1.03,0.8716,0.3891
1622,RENBTC,0,0,1,0.8117,-4.77,1.3545,-0.8514
1623,VETBTC,1,0,0.83333333333333,4.8201,-7.08,5.6553,3.6111
1624,XLMBTC,0,0,0.83333333333333,1.0538,-4.16,2.0419,0.0838
1625,MDABTC,0,0,0.83333333333333,0.7074,-1.20,1.6626,0.1717
1626,STRATBTC,1,0,0.83333333333333,2.0621,-3.46,0.1878,0.4639
1627,CHRBTC,1,0,0.83333333333333,2.7889,0.22,0.6878,1.5328
1628,ONGBTC,0,0,0.83333333333333,0.859,0.98,0.6246,0.3249
1629,LENDBTC,0,0,0.83333333333333,0.5173,1.16,2.188,0.4782
1630,LSKBTC,0,0,0.83333333333333,1.9697,-2.22,1.5336,1.1138
1631,AEBTC,0,0,0.83333333333333,0.7266,-1.76,0.4831,-0.3702
1632,ELFBTC,0,0,0.83333333333333,1.0195,-0.24,-0.7543,0.0259
1633,TOMOBTC,0,0,0.83333333333333,1.1381,-2.50,1.4864,-0.3565
1634,COMPBTC,0,0,0.83333333333333,0.5803,1.47,-1.5449,0.0014
1635,REPBTC,0,0,0.83333333333333,1.3005,-1.92,2.6059,-0.0851
1636,RLCBTC,1,0,0.83333333333333,0.5672,1.84,-0.287,-1.1537
1637,FTTBTC,0,0,0.83333333333333,0.2801,-0.44,0.5288,0.0747
1638,WANBTC,0,0,0.83333333333333,0.8267,-1.48,1.6095,0.9341
1639,ALGOBTC,0,0,0.83333333333333,0.9336,-2.25,-0.4975,-1.8163
1640,MTLBTC,0,0,0.83333333333333,0.8105,-1.54,0.4653,-0.5314
1641,NXSBTC,1,0,0.83333333333333,0.6944,-0.97,1.2866,0.4512
1642,COTIBTC,0,0,0.83333333333333,3.0744,-4.56,3.0009,-2.0982
1643,LINKBTC,0,0,0.83333333333333,1.5681,-4.85,-0.184,-1.589
1644,MCOBTC,0,0,0.83333333333333,0.9015,-0.76,0.7067,0.087
1645,NEOBTC,0,0,1,1.0806,-2.64,0.4292,-1.5292
1646,SKYBTC,0,0,0.83333333333333,0.7377,-0.30,0.4618,-0.2795
1647,XMRBTC,0,0,1,1.0996,-1.14,0.4996,-0.3127
1648,BANDBTC,1,0,0.83333333333333,2.9835,-6.10,4.8293,-1.5267
1649,ZENBTC,0,0,0.83333333333333,0.4341,0.04,0.0541,-0.4806
1650,QTUMBTC,1,0,0.83333333333333,0.3414,-2.20,-1.1613,-1.1072
1651,ARKBTC,1,0,0.83333333333333,2.2792,-1.26,-0.2065,-2.6382
1652,KMDBTC,0,0,0.83333333333333,0.7069,-1.05,-1.0736,-1.6368
1653,XTZBTC,0,0,0.83333333333333,0.5583,-2.02,-1.15,-1.3388
1654,ZECBTC,0,0,1,0.9257,-1.92,-0.5058,-0.1346
1655,VIABTC,0,0,0.83333333333333,0.611,0.24,-1.4608,-1.3003
1656,WABIBTC,1,0,0.83333333333333,1.0639,-1.31,-1.273,-1.6955
1657,KAVABTC,1,0,1,1.2707,3.25,-2.0747,-3.3316
1658,NEBLBTC,0,0,0.83333333333333,0.5003,0.17,-0.478,-0.6376
1659,OGNBTC,0,0,0.83333333333333,0.7671,-0.53,-3.9994,-0.8619
1660,AIONBTC,1,0,0.83333333333333,0.5164,-1.03,-1.7556,-1.4111
1661,GXSBTC,0,0,0.83333333333333,0.455,-0.12,-0.742,-0.5858
1662,IOTABTC,1,0,0.83333333333333,0.9348,-1.41,-3.4283,-1.759
1663,KNCBTC,0,0,0.83333333333333,3.1856,1.20,-1.7004,-0.9816
1664,LTOBTC,1,0,0.83333333333333,4.1084,-4.03,0.3059,0.4383
1665,OMGBTC,0,0,1,0.6996,-0.94,-1.2144,-0.177
1666,WRXBTC,0,0,0.83333333333333,0.4047,-0.69,-1.5722,-1.5514
1667,GRSBTC,0,0,0.83333333333333,1.1011,-2.71,-0.7164,-0.7936
1668,BNTBTC,0,0,0.83333333333333,0.7037,-0.96,-3.1907,-0.5352
1669,DCRBTC,0,0,0.83333333333333,0.3331,-0.05,-1.0438,-0.8465
1670,HBARBTC,0,0,0.83333333333333,1.139,-0.33,-0.8445,-0.5556
1671,NULSBTC,0,0,0.83333333333333,1.0309,3.42,-2.7611,-0.7545
1672,DASHBTC,0,0,0.83333333333333,0.1491,-1.06,-1.3456,-0.3561
1673,ADABTC,1,0,0.83333333333333,0.8179,-0.83,-4.1148,-0.2555
1674,ARNBTC,1,0,0.83333333333333,2.4181,-1.26,-0.7285,-1.1792
1675,ONTBTC,0,0,0.83333333333333,1.1197,-1.50,-1.5985,0.6259
1676,PNTBTC,0,0,0.83333333333333,0.631,0.85,-2.5504,-1.2817
1677,XRPBTC,0,0,0.83333333333333,1.3135,-1.90,-1.26,-0.0681
1678,BTGBTC,0,0,0.83333333333333,0.398,-0.63,-1.1433,-0.2869
1679,WAVESBTC,0,0,0.83333333333333,1.1771,-1.15,-1.5471,-0.6612
1680,AMBBTC,1,0,0.83333333333333,3.8182,-1.60,2.2034,5.3245
1681,LRCBTC,0,0,0.83333333333333,5.6537,-0.46,-1.7254,2.2946
1682,HCBTC,0,0,0.83333333333333,1.2914,-2.41,0.272,3.0304
1683,ATOMBTC,1,0,0.83333333333333,0.2632,-0.78,-2.498,-0.2412
1684,CTSIBTC,0,0,0.83333333333333,2.7614,0.07,-2.8977,0.8649
1685,ICXBTC,1,0,0.83333333333333,0.1706,1.55,-4.4332,-1.0071
1686,NANOBTC,1,0,0.83333333333333,0.797,-1.53,-0.9076,-0.2445
1687,BATBTC,0,0,0.83333333333333,0.2158,-0.26,-2.2451,0.1695
1688,ASTBTC,1,0,1,1.9424,-2.82,-1.8003,1.4877
1689,ENJBTC,0,0,0.83333333333333,0.4151,-0.29,-1.4144,-0.1628
1690,GASBTC,0,0,0.83333333333333,0.3581,0.61,-1.9717,0.0075
1691,INSBTC,1,0,0.83333333333333,0.5744,-1.83,-0.7824,-0.2008
1692,POWRBTC,0,0,1,1.1004,-1.96,-0.3167,1.1066
1693,ZRXBTC,1,0,0.83333333333333,2.2092,-0.29,-0.7354,1.6047
1694,ETHBTC,0,0,0.83333333333333,0.2711,-0.50,0.1371,0.1444
1695,LTCBTC,0,0,0.83333333333333,0.0538,-0.49,-0.3092,0.2738
1696,REQBTC,1,0,0.83333333333333,1.8091,-4.00,0.647,-0.00060000000000007
1697,XLMBTC,1,0,0.83333333333333,1.1819,-0.91,-0.037,0.748
1698,BEAMBTC,0,0,0.83333333333333,0.8135,-1.43,0.9632,-0.1008
1699,THETABTC,1,0,0.83333333333333,0.0759,2.86,-2.4129,-0.9239
1700,BRDBTC,0,0,0.83333333333333,0.8416,0.70,-1.0861,0.5716
1701,LSKBTC,0,0,1,1.0552,-2.59,-0.7745,0.8186
1702,LUNBTC,1,0,0.83333333333333,0.4672,-0.46,0.804,0.4549
1703,GNTBTC,0,0,0.83333333333333,3.3976,0.16,0.1699,0.959
1704,STEEMBTC,0,0,0.83333333333333,0.5281,0.01,-0.5062,0.5133
1705,STRATBTC,1,0,0.83333333333333,2.6838,-5.45,1.7893,1.9028
1706,BCDBTC,0,0,0.83333333333333,0.7685,-0.50,0.5776,-0.1456
1707,COMPBTC,1,0,0.83333333333333,0.3254,1.44,-0.7172,-0.0568
1708,SXPBTC,1,0,0.83333333333333,1.0212,1.25,-1.1518,-0.3209
1709,TOMOBTC,0,0,0.83333333333333,1.6637,2.77,0.5777,0.5812
1710,ETCBTC,1,0,0.83333333333333,0.2535,-0.23,-0.2992,-0.1498
1711,MDABTC,0,0,0.83333333333333,0.5612,0.03,0.3926,0.546
1712,EOSBTC,0,0,0.83333333333333,0.2219,-0.51,-0.1764,0.0202
1713,RENBTC,0,0,0.83333333333333,1.1864,0.67,-1.6089,-0.8584
1714,ALGOBTC,1,0,0.83333333333333,0.4641,-0.59,0.5599,0.1937
1715,LENDBTC,0,0,0.83333333333333,1.0276,1.70,0.3564,-0.2725
1716,SOLBTC,0,0,0.83333333333333,3.5859,0.33,1.2611,1.1903
